<?xml version="1.0" encoding="UTF-8"?>
<languages>
	<language key="de">
		<title>Ram Resource Info</title>
		<description>Information zur Ram Resource und die Möglichkeit Elemente zu löschen.</description>
		<custom key="Info">Info</custom>
		<custom key="descInfo">Detailierte Informationen zum Inhalt der Ram Resource</custom>
		<custom key="listing">Inhalt</custom>
		<custom key="descListing">Der komplette Inhalt der Ram Resouce</custom>
		<custom key="size">Grösse</custom>
		<custom key="Path">Pfad</custom>
		<custom key="age">Alter</custom>
		<custom key="countDir">Anzahl Verzeichnisse</custom>
		<custom key="countFile">Anzahl Dokumente</custom>
		<custom key="btnDelete">Löschen</custom>
	</language>
	<language key="en">
		<title>Ram Resource Info</title>
		<description>Information to the Ram Resource and the posibilities to delete Elements.</description>
		<custom key="Info">Info</custom>
		<custom key="descInfo">Detailied Information to the content of the Ram Resource</custom>
		<custom key="listing">Content</custom>
		<custom key="descListing">The complete Content of the Ram Resource</custom>
		<custom key="size">Size</custom>
		<custom key="Path">Path</custom>
		<custom key="age">Age</custom>
		<custom key="countDir">Count of Directories</custom>
		<custom key="countFile">Count of Files</custom>
		<custom key="btnDelete">Delete</custom>
	</language>
</languages>

